{
    "Semaine": [
        40.0,
        41.0,
        42.0,
        43.0,
        44.0,
        45.0,
        46.0,
        0.0
    ],
    "stat_distance_km": [
        745,
        620,
        865,
        446,
        502,
        679,
        786,
        920
    ],
    "stat_duree_min": [
        1746.3,
        4085.2000000000003,
        4074.8999999999996,
        3257.7999999999993,
        3388.7000000000003,
        4134.9,
        3853.9000000000005,
        1583.1
    ],
    "stat_conso": [
        28.670000000000005,
        50.46071428571428,
        52.78357142857143,
        52.32428571428572,
        53.32999999999999,
        50.04714285714284,
        55.14214285714285,
        23.017142857142858
    ],
    "stat_part_recuperation": [
        17.471428571428568,
        34.528571428571425,
        33.42857142857143,
        33.457142857142856,
        32.792857142857144,
        34.07142857142858,
        31.885714285714293,
        12.542857142857143
    ]
}