{
    "Semaine": [
        40.0,
        41.0,
        42.0,
        43.0,
        44.0,
        45.0,
        46.0,
        0.0
    ],
    "stat_distance_km": [
        460,
        1020,
        865,
        546,
        502,
        779,
        786,
        820
    ],
    "stat_duree_min": [
        2116.4,
        9303.599999999999,
        9750.699999999997,
        8975.699999999999,
        8775.799999999997,
        9196.199999999999,
        9159.5,
        3477.2999999999997
    ],
    "stat_conso": [
        28.20928571428572,
        132.89714285714282,
        132.1814285714286,
        131.07000000000002,
        133.74642857142854,
        133.4342857142857,
        134.19571428571433,
        55.28571428571428
    ],
    "stat_part_recuperation": [
        17.549999999999997,
        82.4785714285714,
        83.01428571428575,
        83.4714285714286,
        82.1,
        81.57857142857144,
        81.57142857142858,
        32.357142857142854
    ]
}