{
    "Semaine": [
        40.0,
        41.0,
        42.0,
        43.0,
        44.0,
        45.0,
        46.0,
        0.0
    ],
    "stat_distance_km": [
        860,
        720,
        665,
        546,
        502,
        779,
        986,
        920
    ],
    "stat_duree_min": [
        2057.5,
        2072.9,
        1961.7000000000003,
        1530.5,
        1827.0,
        2255.7,
        1951.0,
        700.0
    ],
    "stat_conso": [
        28.06357142857143,
        25.520714285714288,
        26.437142857142852,
        27.13571428571429,
        25.71071428571429,
        24.29428571428571,
        27.82928571428571,
        12.339285714285714
    ],
    "stat_part_recuperation": [
        17.414285714285718,
        17.092857142857145,
        16.72142857142857,
        16.185714285714283,
        16.85,
        17.45714285714286,
        15.914285714285715,
        5.992857142857143
    ]
}