{
    "Semaine": [
        40.0,
        41.0,
        42.0,
        43.0,
        44.0,
        45.0,
        46.0,
        0.0
    ],
    "stat_distance_km": [
        860,
        820,
        865,
        746,
        702,
        579,
        586,
        620
    ],
    "stat_duree_min": [
        2005.5,
        6005.699999999999,
        5720.5999999999985,
        5077.8,
        5164.3,
        5323.599999999999,
        6029.2,
        2331.7999999999993
    ],
    "stat_conso": [
        27.122142857142858,
        79.24428571428572,
        80.88571428571429,
        80.0292857142857,
        79.9142857142857,
        79.90571428571427,
        80.35000000000001,
        33.98428571428571
    ],
    "stat_part_recuperation": [
        18.235714285714288,
        49.921428571428564,
        49.121428571428574,
        49.62857142857143,
        49.12857142857142,
        48.835714285714296,
        48.96428571428573,
        19.15
    ]
}