{
    "Semaine": [
        40.0,
        41.0,
        42.0,
        43.0,
        44.0,
        45.0,
        46.0,
        0.0
    ],
    "stat_distance_km": [
        460,
        520,
        865,
        746,
        602,
        879,
        686,
        820
    ],
    "stat_duree_min": [
        1997.3999999999996,
        7709.599999999999,
        7730.499999999999,
        6907.1,
        6849.999999999998,
        7197.0999999999985,
        7602.9,
        2822.5999999999995
    ],
    "stat_conso": [
        28.664285714285715,
        106.2807142857143,
        107.76500000000001,
        105.45000000000002,
        106.78928571428571,
        106.9742857142857,
        108.70857142857145,
        44.165
    ],
    "stat_part_recuperation": [
        17.564285714285713,
        66.19285714285714,
        65.2357142857143,
        66.55714285714286,
        65.68571428571427,
        65.07142857142857,
        64.55714285714288,
        26.085714285714285
    ]
}